City_ID,City,Country,Date,Lat,Lng,Max Temp,Humidity,Cloudiness,Wind Speed
0,Kodiak,US,2022-07-28 18:52:04,57.79,-152.4072,58.32,60,5,2.57
1,Vaini,TO,2022-07-28 18:52:04,-21.2,-175.2,73.56,100,40,6.91
2,Amapa,BR,2022-07-28 18:52:05,1.0,-52.0,77.95,93,100,2.98
3,Mataura,NZ,2022-07-28 18:52:05,-46.1927,168.8643,47.48,97,100,4.27
4,Bitadton,PH,2022-07-28 18:52:05,11.4969,122.0851,76.17,84,100,11.21
5,Hilo,US,2022-07-28 18:52:05,19.7297,-155.09,85.28,77,40,3.44
6,Victoria,HK,2022-07-28 18:47:53,22.2855,114.1577,87.33,80,100,3.0
7,Sao Filipe,CV,2022-07-28 18:52:06,14.8961,-24.4956,79.81,78,37,12.01
8,Bac Lieu,VN,2022-07-28 18:52:06,9.285,105.7244,80.47,83,6,5.79
9,Atuona,PF,2022-07-28 18:52:06,-9.8,-139.0333,76.96,77,25,24.7
10,Maraa,BR,2022-07-28 18:52:07,-1.8333,-65.3667,86.81,56,88,1.16
11,Upernavik,GL,2022-07-28 18:52:07,72.7868,-56.1549,42.67,69,100,6.02
12,Port Elizabeth,ZA,2022-07-28 18:52:07,-33.918,25.5701,62.89,94,0,6.91
13,Tilichiki,RU,2022-07-28 18:52:07,60.4667,166.1,46.53,80,100,5.99
14,Quatre Cocos,MU,2022-07-28 18:52:08,-20.2078,57.7625,69.91,76,5,11.95
15,Lagoa,PT,2022-07-28 18:52:08,39.05,-27.9833,72.5,74,3,4.36
16,Rikitea,PF,2022-07-28 18:52:08,-23.1203,-134.9692,73.56,73,100,20.58
17,Faanui,PF,2022-07-28 18:52:09,-16.4833,-151.75,79.23,73,1,25.72
18,Cape Town,ZA,2022-07-28 18:52:09,-33.9258,18.4232,59.41,84,20,19.57
19,Busselton,AU,2022-07-28 18:52:09,-33.65,115.3333,60.96,87,100,17.54
20,Dingle,PH,2022-07-28 18:52:09,10.9995,122.6711,77.68,89,100,7.36
21,Lompoc,US,2022-07-28 18:52:10,34.6391,-120.4579,75.34,74,40,8.05
22,Buala,SB,2022-07-28 18:52:10,-8.145,159.5921,79.65,81,59,8.86
23,Cabo San Lucas,MX,2022-07-28 18:47:54,22.8909,-109.9124,93.61,63,21,7.85
24,Avarua,CK,2022-07-28 18:50:15,-21.2078,-159.775,75.25,83,75,21.85
25,Ushuaia,AR,2022-07-28 18:49:42,-54.8,-68.3,46.06,57,0,13.8
26,Nome,US,2022-07-28 18:52:10,64.5011,-165.4064,53.17,76,0,0.0
27,Potosi,BO,2022-07-28 18:52:11,-19.5836,-65.7531,65.26,26,12,6.91
28,Qaanaaq,GL,2022-07-28 18:49:34,77.484,-69.3632,41.02,68,10,2.62
29,Kapaa,US,2022-07-28 18:51:18,22.0752,-159.319,79.48,78,75,10.36
30,Butaritari,KI,2022-07-28 18:52:11,3.0707,172.7902,81.93,73,59,15.26
31,Port Alfred,ZA,2022-07-28 18:52:11,-33.5906,26.891,63.18,87,1,1.99
32,Yellowknife,CA,2022-07-28 18:47:48,62.456,-114.3525,64.92,68,100,9.22
33,Yar-Sale,RU,2022-07-28 18:51:02,66.8333,70.8333,62.82,63,92,5.44
34,Hobart,AU,2022-07-28 18:52:12,-42.8794,147.3294,41.05,82,40,10.36
35,Winchester,GB,2022-07-28 18:52:12,51.0651,-1.3187,71.69,45,0,5.75
36,Khatanga,RU,2022-07-28 18:52:12,71.9667,102.5,58.98,68,100,4.85
37,Axim,GH,2022-07-28 18:52:12,4.8699,-2.2405,75.72,80,12,12.15
38,Mount Isa,AU,2022-07-28 18:52:13,-20.7333,139.5,42.57,56,0,5.75
39,Albany,US,2022-07-28 18:52:13,42.6001,-73.9662,90.05,64,100,3.0
40,Hithadhoo,MV,2022-07-28 18:52:13,-0.6,73.0833,82.65,73,100,12.5
41,Torbay,CA,2022-07-28 18:49:15,47.6666,-52.7314,64.27,87,75,14.0
42,Santa Isabel,BR,2022-07-28 18:52:14,-23.3156,-46.2214,82.11,29,98,9.31
43,Georgetown,MY,2022-07-28 18:49:12,5.4112,100.3354,82.33,90,20,3.44
44,Kavieng,PG,2022-07-28 18:52:14,-2.5744,150.7967,81.61,76,69,17.38
45,Jamestown,US,2022-07-28 18:50:41,42.097,-79.2353,82.06,49,20,12.66
46,New Norfolk,AU,2022-07-28 18:52:14,-42.7826,147.0587,40.71,83,7,1.01
47,Saskylakh,RU,2022-07-28 18:52:14,71.9167,114.0833,63.1,73,100,5.82
48,Cidreira,BR,2022-07-28 18:53:15,-30.1811,-50.2056,68.76,83,100,8.55
49,Tuktoyaktuk,CA,2022-07-28 18:52:27,69.4541,-133.0374,44.6,93,100,12.66
50,Nantucket,US,2022-07-28 18:52:18,41.2835,-70.0995,82.54,81,0,12.66
51,Samarai,PG,2022-07-28 18:53:15,-10.6167,150.6667,78.1,85,95,13.8
52,Dikson,RU,2022-07-28 18:53:15,73.5069,80.5464,44.51,100,100,17.81
53,Chokurdakh,RU,2022-07-28 18:53:16,70.6333,147.9167,47.68,52,100,9.69
54,Barrow,US,2022-07-28 18:53:16,71.2906,-156.7887,33.37,99,100,12.46
55,Keti Bandar,PK,2022-07-28 18:53:16,24.1447,67.4497,82.13,82,44,15.5
56,Bethel,US,2022-07-28 18:53:16,41.3712,-73.414,90.36,70,100,1.01
57,Tiksi,RU,2022-07-28 18:53:17,71.6872,128.8694,52.61,92,85,4.34
58,Kruisfontein,ZA,2022-07-28 18:53:17,-34.0033,24.7314,60.21,68,0,6.67
59,Yantal,RU,2022-07-28 18:53:17,56.8471,105.2542,56.26,99,100,4.7
60,Kangaatsiaq,GL,2022-07-28 18:53:17,68.3065,-53.4641,40.53,90,91,7.43
61,Bredasdorp,ZA,2022-07-28 18:53:18,-34.5322,20.0403,53.24,73,0,4.74
62,Wladyslawowo,PL,2022-07-28 18:53:18,54.7909,18.4009,63.95,86,6,7.14
63,Zaozerne,UA,2022-07-28 18:53:18,45.1582,33.2787,76.28,62,0,5.08
64,Port Hardy,CA,2022-07-28 18:53:19,50.6996,-127.4199,62.78,82,0,3.44
65,Kaitangata,NZ,2022-07-28 18:53:19,-46.2817,169.8464,41.76,93,100,7.9
66,Gull Lake,CA,2022-07-28 18:49:15,50.1001,-108.4847,80.15,27,0,3.53
67,San Patricio,US,2022-07-28 18:53:19,28.017,-97.5169,97.52,39,27,18.5
68,Orumiyeh,IR,2022-07-28 18:53:19,37.5527,45.0761,72.95,60,20,4.61
69,Husavik,IS,2022-07-28 18:53:20,66.0449,-17.3389,53.55,73,16,8.59
70,Punta Arenas,CL,2022-07-28 18:53:20,-53.15,-70.9167,42.91,87,75,28.77
71,Saldanha,ZA,2022-07-28 18:53:20,-33.0117,17.9442,57.25,89,20,11.59
72,Villacarrillo,ES,2022-07-28 18:53:21,38.1156,-3.0848,86.7,18,0,7.25
73,Nago,JP,2022-07-28 18:53:21,26.5881,127.9761,83.25,85,10,6.96
74,Vardo,NO,2022-07-28 18:51:00,70.3705,31.1107,49.98,87,75,13.8
75,Grindavik,IS,2022-07-28 18:53:21,63.8424,-22.4338,48.67,81,75,10.36
76,Souillac,MU,2022-07-28 18:53:21,-20.5167,57.5167,70.18,78,20,10.36
77,Sisimiut,GL,2022-07-28 18:53:22,66.9395,-53.6735,44.53,77,100,5.68
78,Buraydah,SA,2022-07-28 18:53:22,26.326,43.975,100.85,13,96,10.09
79,Otane,NZ,2022-07-28 18:53:22,-39.8833,176.6333,52.02,76,9,8.14
80,Pevek,RU,2022-07-28 18:53:23,69.7008,170.3133,39.52,78,100,3.8
81,Caborca,MX,2022-07-28 18:50:43,30.5838,-111.101,80.62,66,100,5.37
82,San Estanislao,CO,2022-07-28 18:53:23,10.3983,-75.1511,84.09,80,100,7.7
83,Labuhan,ID,2022-07-28 18:52:44,-6.8844,112.2051,76.26,84,58,8.5
84,Rakai,UG,2022-07-28 18:53:23,-0.72,31.4839,64.42,75,69,1.54
85,Pathein,MM,2022-07-28 18:53:23,16.7833,94.7333,80.15,86,18,6.08
86,Baykit,RU,2022-07-28 18:53:24,61.67,96.37,60.87,97,99,4.29
87,Bluff,NZ,2022-07-28 18:53:24,-46.6,168.3333,47.8,72,100,10.27
88,Castro,BR,2022-07-28 18:53:24,-24.7911,-50.0119,72.18,48,100,10.31
89,Constitucion,CL,2022-07-28 18:53:24,-35.3333,-72.4167,58.59,58,0,11.74
90,Pyu,MM,2022-07-28 18:53:25,18.4833,96.4333,78.35,90,95,4.18
91,Boende,CD,2022-07-28 18:53:25,-0.2167,20.8667,75.78,79,100,1.1
92,Hermanus,ZA,2022-07-28 18:54:15,-34.4187,19.2345,58.26,74,0,10.36
93,San Cristobal,VE,2022-07-28 18:54:25,7.7669,-72.225,77.18,55,98,7.29
94,Colac,AU,2022-07-28 18:54:26,-38.3333,143.5833,43.83,94,23,3.98
95,Atasu,KZ,2022-07-28 18:54:26,48.6814,71.6433,67.32,68,81,7.72
96,Luderitz,NA,2022-07-28 18:54:26,-26.6481,15.1594,55.18,85,50,4.21
97,Bubaque,GW,2022-07-28 18:54:26,11.2833,-15.8333,80.2,81,22,12.35
98,Lydenburg,ZA,2022-07-28 18:54:27,-25.0978,30.4597,50.4,81,0,2.3
99,Diego De Almagro,CL,2022-07-28 18:54:27,-26.3667,-70.05,76.89,15,100,5.5
100,Flinders,AU,2022-07-28 18:53:48,-34.5833,150.8552,49.17,85,72,5.01
101,Sergeyevka,KZ,2022-07-28 18:54:27,53.88,67.4158,61.54,97,100,12.17
102,Pilar,BR,2022-07-28 18:54:27,-9.5972,-35.9567,76.93,92,48,7.7
103,Severo-Kurilsk,RU,2022-07-28 18:54:28,50.6789,156.125,52.2,93,100,8.14
104,Taltal,CL,2022-07-28 18:54:28,-25.4,-70.4833,65.53,66,99,8.46
105,Airai,TL,2022-07-28 18:54:28,-8.9266,125.4092,51.53,84,71,3.87
106,Mahebourg,MU,2022-07-28 18:54:28,-20.4081,57.7,70.09,78,20,10.36
107,Cockburn Town,TC,2022-07-28 18:54:29,21.4612,-71.1419,85.96,62,40,12.66
108,Arraial Do Cabo,BR,2022-07-28 18:54:29,-22.9661,-42.0278,85.96,39,20,14.97
109,Saint-Philippe,RE,2022-07-28 18:54:29,-21.3585,55.7679,67.21,83,4,8.55
110,Hakkari,TR,2022-07-28 18:54:30,37.5833,44.1667,64.67,34,1,1.43
111,Sao Gabriel Da Cachoeira,BR,2022-07-28 18:54:30,-0.1303,-67.0892,84.0,74,40,3.44
112,Soubre,CI,2022-07-28 18:54:30,5.7856,-6.6083,75.58,75,75,5.3
113,Makakilo City,US,2022-07-28 18:54:30,21.3469,-158.0858,80.01,66,0,3.44
114,Lao Cai,VN,2022-07-28 18:49:34,22.4833,103.95,77.4,94,100,1.43
115,Novyy Svit,UA,2022-07-28 18:54:31,47.8059,38.0211,77.68,44,50,5.32
116,Freeport,US,2022-07-28 18:54:31,40.6576,-73.5832,90.41,67,100,5.99
117,Panguna,PG,2022-07-28 18:54:31,-6.3164,155.4848,67.53,95,99,2.35
118,Saint George,US,2022-07-28 18:50:47,37.1041,-113.5841,93.63,40,0,5.75
119,San Carlos De Bariloche,AR,2022-07-28 18:50:28,-41.1456,-71.3082,47.95,49,0,23.02
120,Tecoanapa,MX,2022-07-28 18:54:32,16.5167,-98.75,85.5,62,26,8.79
121,Anadyr,RU,2022-07-28 18:54:32,64.75,177.4833,50.5,87,75,11.18
122,Yablonovo,RU,2022-07-28 18:54:32,50.8523,37.3574,66.54,80,55,10.74
123,Ancud,CL,2022-07-28 18:54:32,-41.8697,-73.8203,47.5,79,100,5.39
124,Tres Picos,MX,2022-07-28 18:54:33,15.8667,-93.5333,86.22,70,94,5.66
125,Leninskoye,KZ,2022-07-28 18:54:33,41.7589,69.3864,75.7,31,6,7.29
126,Nanortalik,GL,2022-07-28 18:54:33,60.1432,-45.2371,45.39,79,14,6.69
127,Panjakent,TJ,2022-07-28 18:54:33,39.4952,67.6093,76.15,37,46,1.72
128,Uvira,CD,2022-07-28 18:54:34,-3.4067,29.1458,76.55,71,99,5.95
129,Sitka,US,2022-07-28 18:54:34,57.0531,-135.33,58.62,98,100,4.05
130,Vila,PT,2022-07-28 18:52:19,42.0304,-8.1588,69.69,59,0,5.12
131,Wanning,CN,2022-07-28 18:54:34,18.8003,110.3967,79.79,84,37,5.37
132,Daeni,RO,2022-07-28 18:54:35,44.8333,28.1167,73.94,51,4,8.3
133,Provideniya,RU,2022-07-28 18:54:35,64.3833,-173.3,47.93,89,100,3.27
134,Port Hedland,AU,2022-07-28 18:54:35,-20.3167,118.5667,59.05,67,0,8.05
135,Zabol,AF,2022-07-28 18:54:35,32.25,67.25,78.24,58,100,12.35
136,Chuy,UY,2022-07-28 18:54:36,-33.6971,-53.4616,51.08,89,100,17.27
137,Half Moon Bay,US,2022-07-28 18:53:50,37.4636,-122.4286,81.54,74,100,16.11
138,Mount Vernon,US,2022-07-28 18:54:05,40.9126,-73.8371,92.48,66,100,5.01
139,Kawalu,ID,2022-07-28 18:55:36,-7.3817,108.2082,71.74,95,100,1.81
140,Gat,IL,2022-07-28 18:55:04,31.61,34.7642,84.4,100,0,6.4
141,Henties Bay,NA,2022-07-28 18:55:36,-22.116,14.2845,54.5,89,43,7.29
142,Sarkand,KZ,2022-07-28 18:55:36,45.41,79.9186,73.98,44,28,7.58
143,Manavalakurichi,IN,2022-07-28 18:55:37,8.1333,77.3,77.9,91,100,7.76
144,Port-Gentil,GA,2022-07-28 18:55:37,-0.7193,8.7815,75.16,83,40,9.22
145,Caucaia,BR,2022-07-28 18:55:37,-3.7361,-38.6531,88.3,66,0,11.5
146,Ilulissat,GL,2022-07-28 18:55:38,69.2167,-51.1,45.28,62,100,5.68
147,Kasane,BW,2022-07-28 18:55:38,-17.8167,25.15,66.29,37,0,8.05
148,Hailey,US,2022-07-28 18:55:38,43.5196,-114.3153,90.88,30,40,9.22
149,Talavera,PH,2022-07-28 18:55:38,15.6167,120.9333,77.47,92,97,2.04
150,Pisco,PE,2022-07-28 18:55:00,-13.7,-76.2167,64.45,72,100,9.22
151,Pudem,RU,2022-07-28 18:55:39,58.3044,52.1675,63.09,71,69,3.11
152,Bambous Virieux,MU,2022-07-28 18:55:39,-20.3428,57.7575,70.05,78,20,10.36
153,Mar Del Plata,AR,2022-07-28 18:55:39,-38.0023,-57.5575,50.09,95,100,18.99
154,Lorengau,PG,2022-07-28 18:55:28,-2.0226,147.2712,80.92,82,93,13.35
155,Bandarbeyla,SO,2022-07-28 18:55:39,9.4942,50.8122,76.77,81,19,27.2
156,Kieta,PG,2022-07-28 18:55:40,-6.2167,155.6333,77.27,87,100,3.06
157,Klaksvik,FO,2022-07-28 18:55:16,62.2266,-6.589,54.52,90,85,15.82
158,Shimoda,JP,2022-07-28 18:55:40,34.6667,138.95,76.1,89,100,5.26
159,Sorland,NO,2022-07-28 18:55:40,67.667,12.6934,53.46,75,52,13.18
160,Vestmanna,FO,2022-07-28 18:55:41,62.1564,-7.1664,52.72,94,100,12.66
161,East London,ZA,2022-07-28 18:53:43,-33.0153,27.9116,65.34,88,0,10.36
162,Zhigansk,RU,2022-07-28 18:55:41,66.7697,123.3711,65.1,69,100,5.91
163,Myitkyina,MM,2022-07-28 18:55:41,25.3833,97.4,75.33,95,42,1.63
164,Nikolskoye,RU,2022-07-28 18:55:41,59.7035,30.7861,62.8,73,100,4.05
165,Najran,SA,2022-07-28 18:55:42,17.4924,44.1277,90.25,31,15,4.63
166,Norman Wells,CA,2022-07-28 18:55:42,65.282,-126.8329,62.64,55,75,6.91
167,Alvaraes,BR,2022-07-28 18:55:42,-3.2208,-64.8042,91.27,36,30,1.77
168,Berberati,CF,2022-07-28 18:55:42,4.2612,15.7922,69.46,96,99,2.75
169,Avera,US,2022-07-28 18:51:12,33.194,-82.5271,93.54,52,100,6.76
170,Puerto Ayora,EC,2022-07-28 18:55:43,-0.7393,-90.3518,76.96,90,88,8.99
171,Beringovskiy,RU,2022-07-28 18:55:43,63.05,179.3167,48.9,85,100,8.68
172,Paka,MY,2022-07-28 18:55:43,4.6374,103.4368,75.13,94,28,0.0
173,Praya,CV,2022-07-28 18:55:43,14.9215,-23.5087,88.34,55,0,4.61
174,Majene,ID,2022-07-28 18:55:44,-3.5403,118.9707,76.57,90,97,10.25
175,Portland,US,2022-07-28 18:54:28,45.5234,-122.6762,90.0,52,24,1.99
176,Novoagansk,RU,2022-07-28 18:55:44,61.9449,76.6625,54.68,82,7,6.85
177,Berdigestyakh,RU,2022-07-28 18:55:44,62.0989,126.6992,65.64,71,2,3.94
178,Tual,ID,2022-07-28 18:50:56,-5.6667,132.75,78.17,86,90,23.2
179,Izhma,RU,2022-07-28 18:55:45,65.0083,53.9113,68.05,55,37,7.54
180,Hambantota,LK,2022-07-28 18:55:45,6.1241,81.1185,77.34,100,75,1.14
181,Cooma,AU,2022-07-28 18:55:45,-36.2333,149.1333,32.52,93,39,5.03
182,Aklavik,CA,2022-07-28 18:55:45,68.2191,-135.0107,50.0,87,100,2.3
183,San Jeronimo,PE,2022-07-28 18:55:46,-11.9472,-75.2829,66.45,16,2,3.42
184,Carnarvon,AU,2022-07-28 18:53:55,-24.8667,113.6333,69.53,57,100,3.4
185,Xining,CN,2022-07-28 18:55:46,36.6167,101.7667,56.79,63,99,2.19
186,Wamba,NG,2022-07-28 18:56:46,8.9333,8.6,72.09,94,100,2.08
187,Pemberton,CA,2022-07-28 18:55:53,50.3164,-122.8027,91.2,40,3,2.28
188,Providencia,MX,2022-07-28 18:56:46,28.7167,-111.5833,97.23,46,55,8.95
189,Lebu,CL,2022-07-28 18:56:47,-37.6167,-73.65,53.28,74,0,13.98
190,Bahadurganj,IN,2022-07-28 18:56:47,26.2667,87.8167,83.82,79,99,4.63
191,Edd,ER,2022-07-28 18:56:47,13.9297,41.6925,93.9,57,80,6.6
192,Port Augusta,AU,2022-07-28 18:56:48,-32.5,137.7667,44.56,51,68,5.19
193,Ubud,ID,2022-07-28 18:56:48,-8.5098,115.2654,76.32,87,95,2.73
194,Clyde River,CA,2022-07-28 18:56:48,70.4692,-68.5914,41.23,93,100,14.97
195,Asau,RO,2022-07-28 18:56:48,46.4333,26.4,72.52,89,100,2.46
196,Leningradskiy,RU,2022-07-28 18:56:49,69.3833,178.4167,38.66,82,93,5.17
197,Santa Cruz Del Sur,CU,2022-07-28 18:56:49,20.7147,-77.9956,85.46,63,56,11.48
198,Baruun-Urt,MN,2022-07-28 18:56:49,46.6806,113.2792,60.85,59,11,13.85
199,Camabatela,AO,2022-07-28 18:56:49,-8.1881,15.375,66.4,51,100,4.81
200,Tuatapere,NZ,2022-07-28 18:56:50,-46.1333,167.6833,41.22,91,94,3.06
201,Terrace Bay,CA,2022-07-28 18:56:50,48.7834,-87.1,53.62,94,99,6.31
202,Hnaberd,AM,2022-07-28 18:56:50,40.6372,44.1406,64.69,73,0,4.65
203,Padang,ID,2022-07-28 18:56:50,-0.9492,100.3543,78.48,86,100,3.96
204,Forio,IT,2022-07-28 18:56:51,40.7342,13.8646,82.69,82,0,13.0
205,Meybod,IR,2022-07-28 18:56:51,32.2501,54.0166,87.82,40,100,8.16
206,La Rioja,ES,2022-07-28 18:56:51,42.25,-2.5,74.98,53,20,5.82
207,Bengkulu,ID,2022-07-28 18:56:51,-3.8004,102.2655,75.52,90,75,4.81
208,Adrar,MR,2022-07-28 18:55:29,20.5022,-10.0711,106.47,7,0,6.71
209,Porto Novo,BJ,2022-07-28 18:56:52,6.4965,2.6036,78.62,79,100,10.38
210,Ribeira Grande,PT,2022-07-28 18:53:59,38.5167,-28.7,75.6,73,75,5.75
211,Chicama,PE,2022-07-28 18:56:52,-7.8447,-79.1469,59.54,58,28,10.47
212,Chimbote,PE,2022-07-28 18:56:52,-9.0853,-78.5783,68.04,71,85,12.37
213,Malkangiri,IN,2022-07-28 18:56:52,18.35,81.9,79.07,87,100,0.94
214,Banepa,NP,2022-07-28 18:56:53,27.6298,85.5214,70.12,94,75,0.0
215,Pangody,RU,2022-07-28 18:56:53,65.85,74.4859,58.59,77,23,2.66
216,Touros,BR,2022-07-28 18:56:53,-5.1989,-35.4608,80.11,72,6,16.17
217,Leh,IN,2022-07-28 18:54:55,34.1667,77.5833,60.03,74,99,3.87
218,Faya,SA,2022-07-28 18:56:54,18.3851,42.4509,71.71,64,100,4.14
219,Aykhal,RU,2022-07-28 18:56:54,66.0,111.5,67.17,71,10,3.91
220,Batagay,RU,2022-07-28 18:56:54,67.6333,134.6333,68.29,68,98,2.15
221,Dunedin,NZ,2022-07-28 18:56:54,-45.8742,170.5036,43.81,78,100,8.01
222,Loandjili,CG,2022-07-28 18:56:55,-4.7561,11.8578,70.63,88,9,6.08
223,Honningsvag,NO,2022-07-28 18:56:55,70.9821,25.9704,49.75,81,75,6.91
224,Bukachacha,RU,2022-07-28 18:56:55,52.9833,116.9167,49.23,96,5,2.21
225,Udachnyy,RU,2022-07-28 18:56:55,66.4167,112.4,73.45,46,23,3.42
226,Paratinga,BR,2022-07-28 18:56:56,-12.6906,-43.1842,89.35,24,0,1.57
227,Iqaluit,CA,2022-07-28 18:56:56,63.7506,-68.5145,55.13,62,100,9.22
228,Haines Junction,CA,2022-07-28 18:56:56,60.7522,-137.5108,57.15,77,100,2.3
229,Hurghada,EG,2022-07-28 18:56:57,27.2574,33.8129,93.24,21,0,0.0
230,Mehriz,IR,2022-07-28 18:56:57,31.5917,54.4318,82.9,50,100,3.94
231,Tasiilaq,GL,2022-07-28 18:56:57,65.6145,-37.6368,39.43,95,100,4.12
232,Vondrozo,MG,2022-07-28 18:57:57,-22.8167,47.2833,58.78,98,58,3.53
233,Ostrovnoy,RU,2022-07-28 18:57:58,68.0531,39.5131,50.81,88,71,14.7
234,Colares,PT,2022-07-28 18:57:58,38.7992,-9.4469,78.48,67,20,23.02
235,Turayf,SA,2022-07-28 18:57:58,31.6725,38.6637,91.65,14,0,5.75
236,Narsaq,GL,2022-07-28 18:57:58,60.9167,-46.05,49.69,58,98,6.67
237,Lichinga,MZ,2022-07-28 18:57:59,-13.3128,35.2406,59.09,72,40,2.3
238,Rawson,AR,2022-07-28 18:57:59,-43.3002,-65.1023,53.91,48,5,19.8
239,Evensk,RU,2022-07-28 18:57:59,61.95,159.2333,51.15,63,100,4.07
240,Ayagoz,KZ,2022-07-28 18:57:59,47.9714,80.4392,73.35,30,5,9.06
241,Kahului,US,2022-07-28 18:54:39,20.8947,-156.47,80.96,76,31,10.0
242,Sawtell,AU,2022-07-28 18:58:00,-30.3833,153.1,48.18,93,100,2.3
243,Trinidad,BO,2022-07-28 18:58:00,-14.8333,-64.9,93.18,38,20,9.22
244,Noumea,NC,2022-07-28 18:57:04,-22.2763,166.4572,69.01,99,29,6.82
245,Cesis,LV,2022-07-28 18:56:46,57.3119,25.2746,59.74,94,82,6.08
246,Pouebo,NC,2022-07-28 18:58:00,-20.4,164.5667,67.39,82,1,9.69
247,Benghazi,LY,2022-07-28 18:58:01,32.1167,20.0667,82.04,70,0,9.57
248,Geraldton,AU,2022-07-28 18:58:01,-28.7667,114.6,57.61,88,40,12.66
249,Itarema,BR,2022-07-28 18:58:01,-2.9248,-39.9167,82.49,66,28,17.9
250,Manggar,ID,2022-07-28 18:58:01,-2.8833,108.2667,80.8,82,99,9.86
251,Samthar,IN,2022-07-28 18:58:02,25.85,78.9167,83.71,74,100,6.8
252,Emerald,AU,2022-07-28 18:57:48,-23.5333,148.1667,42.35,79,0,10.56
253,Tyazhinskiy,RU,2022-07-28 18:58:02,56.116,88.524,56.07,92,19,4.18
254,Aswan,EG,2022-07-28 18:54:18,24.0934,32.907,101.5,12,0,11.5
255,Matagami,CA,2022-07-28 18:58:02,49.7502,-77.6328,69.91,68,0,8.05
256,Marsh Harbour,BS,2022-07-28 18:58:03,26.5412,-77.0636,83.44,71,37,12.91
257,Vestmannaeyjar,IS,2022-07-28 18:58:03,63.4427,-20.2734,49.19,93,75,6.91
258,Gribanovskiy,RU,2022-07-28 18:58:03,51.4579,41.9764,70.41,67,95,2.15
259,Benavente,ES,2022-07-28 18:58:03,42.0025,-5.6783,82.47,28,6,12.84
260,Ucluelet,CA,2022-07-28 18:58:04,48.9329,-125.5528,62.91,78,44,7.45
261,Westport,US,2022-07-28 18:58:04,41.1415,-73.3579,91.15,67,100,7.0
262,Lavrentiya,RU,2022-07-28 18:58:04,65.5833,-171.0,43.03,89,100,5.14
263,Ostersund,SE,2022-07-28 18:58:05,63.1792,14.6357,52.25,66,17,10.36
264,Oriximina,BR,2022-07-28 18:58:05,-1.7656,-55.8661,90.23,47,87,3.27
265,Ishigaki,JP,2022-07-28 18:54:39,24.3448,124.1572,82.53,94,20,4.61
266,Kisaran,ID,2022-07-28 18:58:05,2.9845,99.6158,75.11,97,100,2.75
267,Zyryanka,RU,2022-07-28 18:58:06,65.75,150.85,47.44,67,0,10.89
268,Bandar,ID,2022-07-28 18:58:06,2.05,99.75,74.37,89,100,3.0
269,Srivardhan,IN,2022-07-28 18:58:06,18.0333,73.0167,80.51,90,89,6.22
270,Pangoa,PE,2022-07-28 18:58:06,-12.1167,-73.0,85.77,45,68,4.23
271,Kovdor,RU,2022-07-28 18:58:07,67.5662,30.4758,48.74,88,100,9.55
272,Hasaki,JP,2022-07-28 18:58:07,35.7333,140.8333,77.4,90,98,9.42
273,Poum,NC,2022-07-28 18:57:23,-20.2333,164.0167,71.15,76,1,9.82
274,Thompson,CA,2022-07-28 18:59:07,55.7435,-97.8558,73.56,40,20,8.05
275,Lubao,PH,2022-07-28 18:59:08,14.9167,120.55,80.67,88,100,2.39
276,Saint Anthony,US,2022-07-28 18:58:35,45.0205,-93.218,76.33,50,72,3.0
277,Acapulco,MX,2022-07-28 18:59:08,16.8634,-99.8901,81.86,72,78,1.9
278,Tamandare,BR,2022-07-28 18:59:08,-8.7597,-35.1047,77.88,76,19,6.2
279,Wainwright,CA,2022-07-28 18:59:08,52.839,-110.8572,79.93,43,0,9.04
280,Erzurum,TR,2022-07-28 18:59:09,40.0,41.5,65.88,41,0,6.08
281,Prince Rupert,CA,2022-07-28 18:54:40,54.3161,-130.3201,65.89,86,0,5.75
282,Grenville,GD,2022-07-28 18:59:09,12.1167,-61.6167,86.05,68,7,16.84
283,Teahupoo,PF,2022-07-28 18:59:09,-17.8333,-149.2667,75.16,77,31,25.05
284,Sinnamary,GF,2022-07-28 18:59:10,5.3833,-52.95,82.29,76,87,9.24
285,Alice Springs,AU,2022-07-28 18:59:10,-23.7,133.8833,36.95,48,46,0.0
286,Sistranda,NO,2022-07-28 18:59:10,63.7256,8.834,57.16,64,89,5.44
287,Korla,CN,2022-07-28 18:59:10,41.7597,86.1469,90.46,15,98,9.86
288,Hualmay,PE,2022-07-28 18:59:11,-11.0964,-77.6139,66.49,71,17,9.01
289,Nenjiang,CN,2022-07-28 18:59:11,49.1833,125.2167,65.41,97,100,5.26
290,Liverpool,GB,2022-07-28 18:59:11,53.4106,-2.9779,66.7,75,20,5.75
291,Plover,US,2022-07-28 18:59:12,44.4564,-89.544,74.98,50,40,11.5
292,Richards Bay,ZA,2022-07-28 18:59:12,-28.783,32.0377,67.48,78,0,13.91
293,Kailua,US,2022-07-28 18:59:12,21.4022,-157.7394,81.48,67,40,6.91
294,Beisfjord,NO,2022-07-28 18:59:12,68.3751,17.5988,55.04,83,69,3.04
295,Bara,NG,2022-07-28 18:59:13,10.3744,10.7288,75.81,83,70,6.2
296,Taoudenni,ML,2022-07-28 18:59:13,22.6783,-3.9836,109.42,12,38,16.75
297,Kargasok,RU,2022-07-28 18:59:13,59.0556,80.8572,61.97,71,77,9.62
298,Qaqortoq,GL,2022-07-28 18:59:13,60.7167,-46.0333,47.52,69,90,5.79
299,Ketchikan,US,2022-07-28 18:59:14,55.3422,-131.6461,71.26,57,1,7.14
300,Beyla,GN,2022-07-28 18:55:13,8.6833,-8.6333,69.71,94,92,4.05
301,Kirakira,SB,2022-07-28 18:59:14,-10.4544,161.9205,78.53,86,80,8.55
302,Cherskiy,RU,2022-07-28 18:59:14,68.75,161.3,51.04,55,7,4.16
303,Envira,BR,2022-07-28 18:59:15,-7.3,-70.2167,93.9,34,62,1.7
304,Sioux Lookout,CA,2022-07-28 18:55:34,50.1001,-91.917,62.67,72,75,9.22
305,Ixtapa,MX,2022-07-28 18:59:15,20.7,-105.2,88.23,64,64,4.0
306,Lamar,US,2022-07-28 18:59:15,33.6668,-95.5836,104.99,31,82,6.76
307,Beyneu,KZ,2022-07-28 18:59:15,45.3167,55.2,73.9,66,47,5.26
308,Dahegam,IN,2022-07-28 18:59:16,23.1667,72.8167,82.17,72,99,7.58
309,Karratha,AU,2022-07-28 18:59:16,-20.7377,116.8463,68.79,64,5,6.22
310,Altus,US,2022-07-28 18:59:16,34.6381,-99.334,104.52,28,0,5.75
311,Deniliquin,AU,2022-07-28 18:59:16,-35.5333,144.9667,38.7,94,2,6.71
312,Aginskoye,RU,2022-07-28 18:59:17,51.1,114.53,53.35,77,35,2.68
313,Zhaotong,CN,2022-07-28 18:59:17,27.3167,103.7167,60.44,89,11,0.34
314,Vredendal,ZA,2022-07-28 18:59:17,-31.6683,18.5012,55.44,92,26,14.76
315,Sikonge,TZ,2022-07-28 18:59:18,-5.6333,32.7667,73.62,40,49,7.47
316,Shelui,TZ,2022-07-28 18:59:18,-4.3667,34.2,77.31,38,95,10.4
317,Corinto,GR,2022-07-28 18:59:18,37.9407,22.9573,85.89,40,0,3.94
318,Bathsheba,BB,2022-07-28 18:59:18,13.2167,-59.5167,88.41,78,40,19.57
319,Laguna,US,2022-07-28 18:56:49,38.421,-121.4238,94.96,41,0,5.75
320,Medea,DZ,2022-07-28 18:59:19,36.2642,2.7539,77.88,53,0,4.68
321,Naze,JP,2022-07-28 19:00:19,28.3667,129.4833,80.49,81,24,14.65
322,Hobyo,SO,2022-07-28 19:00:19,5.3505,48.5268,76.21,86,83,24.16
323,Petropavlovsk-Kamchatskiy,RU,2022-07-28 19:00:19,53.0452,158.6483,52.39,100,100,4.47
324,Itaituba,BR,2022-07-28 18:59:24,-4.2761,-55.9836,95.16,49,40,4.61
325,Inuvik,CA,2022-07-28 19:00:20,68.3499,-133.7218,41.85,91,100,11.05
326,Vila Velha,BR,2022-07-28 18:59:40,-20.3297,-40.2925,80.55,76,40,16.11
327,Kasempa,ZM,2022-07-28 19:00:20,-13.4584,25.8338,60.01,43,100,5.06
328,Yumen,CN,2022-07-28 18:56:19,40.2833,97.2,78.58,12,93,9.98
329,Daru,PG,2022-07-28 19:00:21,-9.0763,143.2092,75.87,90,98,18.39
330,Belyy Yar,RU,2022-07-28 19:00:21,53.6039,91.3903,58.89,73,0,2.24
331,Ha Noi,VN,2022-07-28 19:00:02,21.0245,105.8412,82.4,85,100,7.02
332,Sibolga,ID,2022-07-28 19:00:21,1.7427,98.7792,76.28,90,100,2.68
333,Marrakesh,MA,2022-07-28 18:58:57,31.6315,-8.0083,95.07,26,40,8.05
334,Olinda,BR,2022-07-28 18:59:25,-8.0089,-34.8553,80.33,74,20,11.5
335,Luxor,EG,2022-07-28 19:00:22,25.6989,32.6421,93.94,14,3,9.31
336,Port Macquarie,AU,2022-07-28 19:00:22,-31.4333,152.9167,41.9,70,97,5.37
337,Staryy Nadym,RU,2022-07-28 19:00:22,65.6118,72.6842,61.14,66,35,1.9
338,Radyvyliv,UA,2022-07-28 19:00:23,50.1299,25.2558,64.2,74,100,6.22
339,Tucupita,VE,2022-07-28 19:00:23,9.0622,-62.051,87.62,60,95,3.02
340,Abha,SA,2022-07-28 19:00:23,18.2164,42.5053,67.98,60,100,4.63
341,Ambilobe,MG,2022-07-28 19:00:24,-13.2,49.05,67.95,86,15,2.86
342,Gamba,GA,2022-07-28 19:00:24,-2.65,10.0,71.13,85,100,3.47
343,Luan,CH,2022-07-28 19:00:24,46.3592,6.9759,68.63,84,55,1.59
344,Merke,KZ,2022-07-28 19:00:25,42.8728,73.1786,75.09,47,18,6.15
345,Murgab,TM,2022-07-28 19:00:25,37.4966,61.9714,86.43,20,0,9.01
346,Tessalit,ML,2022-07-28 19:00:26,20.1986,1.0114,96.08,22,87,12.95
347,Lantawan,PH,2022-07-28 19:00:26,10.6167,123.9833,76.98,86,100,6.62
348,Rehoboth,NA,2022-07-28 19:00:26,-23.3167,17.0833,57.88,24,3,9.57
349,Chulucanas,PE,2022-07-28 19:00:27,-5.0925,-80.1625,87.89,40,4,4.88
350,Sarh,TD,2022-07-28 19:00:27,9.1429,18.3923,69.85,96,99,3.58
351,Maxixe,MZ,2022-07-28 19:00:28,-23.8597,35.3472,62.06,74,0,3.67
352,Iranshahr,IR,2022-07-28 19:00:28,27.2025,60.6848,90.09,51,100,4.76
353,Monteagudo,BO,2022-07-28 19:00:28,-19.8167,-63.9833,89.65,26,16,8.57
354,Matara,LK,2022-07-28 19:00:29,5.9485,80.5353,77.49,93,100,6.69
355,Esperance,AU,2022-07-28 19:00:29,-33.8667,121.9,57.36,77,0,12.21
356,Benemerito De Las Americas,MX,2022-07-28 19:00:29,16.5167,-90.6439,82.38,76,76,3.6
357,Macusani,PE,2022-07-28 19:00:30,-14.0833,-70.4333,52.84,20,9,6.11
358,Caravelas,BR,2022-07-28 18:58:58,-17.7125,-39.2481,75.61,64,0,7.7
359,Rosetta,EG,2022-07-28 19:00:30,31.4044,30.4164,79.81,75,0,8.84
360,Ugoofaaru,MV,2022-07-28 19:00:31,5.6667,73.0,81.91,78,58,17.54
361,Khandyga,RU,2022-07-28 19:00:31,62.6667,135.6,63.45,71,93,3.15
362,Loanda,AO,2022-07-28 18:55:42,-8.8368,13.2343,69.62,85,57,11.3
363,Paveh,IR,2022-07-28 19:00:31,35.0434,46.3565,73.72,12,0,4.0
364,Kanniyakumari,IN,2022-07-28 19:00:32,8.0833,77.5667,78.46,90,100,10.0
365,La Libertad,EC,2022-07-28 19:00:32,-2.2333,-80.9,72.19,79,35,10.6
366,Ust-Ilimsk,RU,2022-07-28 19:00:33,58.0006,102.6619,59.11,99,100,4.27
367,Winkler,CA,2022-07-28 19:00:33,49.1817,-97.941,71.78,51,15,16.89
368,Lengshuitan,CN,2022-07-28 19:00:34,26.4111,111.5956,79.03,75,100,1.9
369,Maniitsoq,GL,2022-07-28 19:00:34,65.4167,-52.9,41.54,87,83,0.43
370,Yulara,AU,2022-07-28 19:01:34,-25.2406,130.9889,48.29,32,79,8.05
371,Zhaodong,CN,2022-07-28 19:01:35,46.0833,125.9833,69.67,93,100,5.26
372,Nagorsk,RU,2022-07-28 19:01:35,59.3172,50.8078,59.79,86,29,1.86
373,Fort Nelson,CA,2022-07-28 18:56:45,58.8053,-122.7002,72.99,46,75,16.11
374,Dudinka,RU,2022-07-28 19:01:35,69.4058,86.1778,51.67,76,0,5.41
375,Fairbanks,US,2022-07-28 18:57:54,64.8378,-147.7164,60.22,71,75,1.01
376,San Quintin,MX,2022-07-28 18:59:41,30.4833,-115.95,73.87,67,11,12.1
377,Guarapari,BR,2022-07-28 19:01:36,-20.6667,-40.4975,76.89,70,34,18.88
378,Ewa Beach,US,2022-07-28 19:01:36,21.3156,-158.0072,82.6,65,94,5.01
379,Tekanto,MX,2022-07-28 19:01:36,21.0167,-89.1,96.91,35,98,7.85
380,Kant,IN,2022-07-28 19:01:37,27.8,79.8,83.77,76,100,2.51
381,Sur,OM,2022-07-28 19:01:37,22.5667,59.5289,83.07,71,100,17.25
382,San Jose,US,2022-07-28 18:57:18,37.3394,-121.895,86.25,53,40,10.36
383,Pedro Juan Caballero,PY,2022-07-28 19:01:37,-22.5472,-55.7333,87.76,30,0,9.22
384,Mesaria,GR,2022-07-28 19:01:38,36.3985,25.4459,78.87,69,0,0.0
385,Libourne,FR,2022-07-28 19:01:38,44.9167,-0.25,75.7,50,97,8.86
386,Nova Olinda Do Norte,BR,2022-07-28 19:01:38,-3.8881,-59.0942,97.47,26,12,3.36
387,Cayenne,GF,2022-07-28 19:00:08,4.9333,-52.3333,87.84,11,75,5.75
388,Marawi,PH,2022-07-28 19:01:38,7.9986,124.2928,69.15,92,100,4.18
389,Kulhudhuffushi,MV,2022-07-28 19:01:39,6.6221,73.07,81.52,79,100,17.92
390,Inirida,CO,2022-07-28 19:01:39,3.8653,-67.9239,76.05,88,94,3.56
391,Walvis Bay,NA,2022-07-28 18:56:55,-22.9575,14.5053,55.09,76,6,4.61
392,Kaeo,NZ,2022-07-28 19:01:39,-35.1,173.7833,53.64,81,92,6.29
393,Bondo,CD,2022-07-28 19:01:39,3.8146,23.6866,69.75,99,100,2.48
394,Mehamn,NO,2022-07-28 18:59:43,71.0357,27.8492,49.95,81,75,16.11
395,Camacha,PT,2022-07-28 19:01:40,33.0833,-16.3333,71.02,78,75,12.66
396,Xiantao,CN,2022-07-28 19:01:40,30.3833,113.4,76.19,94,2,6.44
397,Poddorye,RU,2022-07-28 19:01:40,57.4695,31.1156,56.82,84,65,4.7
398,Moba,CN,2022-07-28 19:01:41,33.2288,105.0179,58.78,92,3,3.22
399,San Miguel,SV,2022-07-28 19:00:33,13.4833,-88.1833,88.86,55,100,2.17
400,Rocha,UY,2022-07-28 19:00:27,-34.4833,-54.3333,49.15,88,100,16.55
401,Carutapera,BR,2022-07-28 19:01:41,-1.195,-46.02,81.64,80,25,6.42
402,Hervey Bay,AU,2022-07-28 18:59:48,-25.2986,152.8535,51.03,88,0,3.0
403,Batemans Bay,AU,2022-07-28 19:01:41,-35.7167,150.1833,45.59,90,100,4.9
404,Labrea,BR,2022-07-28 19:01:41,-7.2586,-64.7981,99.34,21,0,0.76
405,Gotsu,JP,2022-07-28 19:01:42,35.0,132.2167,76.5,87,5,5.57
406,Egvekinot,RU,2022-07-28 19:01:42,66.3167,-179.1667,41.4,87,100,2.84
407,Honiara,SB,2022-07-28 19:01:42,-9.4333,159.95,76.08,88,40,6.51
408,Ballina,AU,2022-07-28 19:01:43,-28.8667,153.5667,48.02,99,1,6.55
409,Namibe,AO,2022-07-28 19:01:43,-15.1961,12.1522,62.2,84,11,7.54
410,Ust-Kuyga,RU,2022-07-28 19:01:43,70.0167,135.6,64.89,95,100,4.52
411,Aksu,CN,2022-07-28 18:59:52,41.1231,80.2644,83.55,34,16,2.17
412,Uruguaiana,BR,2022-07-28 19:01:43,-29.7547,-57.0883,56.79,93,100,17.54
413,West Bay,KY,2022-07-28 19:01:44,19.3667,-81.4167,87.06,77,16,16.4
414,Benevides,BR,2022-07-28 19:01:44,-1.3614,-48.2447,89.4,69,100,3.67
415,Muroto,JP,2022-07-28 19:01:44,33.2833,134.15,80.22,85,31,11.18
416,Pangnirtung,CA,2022-07-28 19:02:45,66.1451,-65.7125,51.8,100,100,9.22
417,Odessa,UA,2022-07-28 19:02:45,46.4775,30.7326,76.93,60,7,9.84
418,Rizhao,CN,2022-07-28 19:02:45,35.4275,119.4553,76.23,93,100,4.7
419,Belozerskoye,RU,2022-07-28 19:02:45,55.8214,65.5842,62.35,74,100,13.76
420,Fukue,JP,2022-07-28 19:02:46,32.6881,128.8419,82.65,80,13,8.46
421,Santa Vitoria,BR,2022-07-28 19:02:46,-18.8386,-50.1214,86.36,21,0,5.44
422,Corrente,BR,2022-07-28 19:02:46,-3.7367,-43.3394,87.26,51,100,3.11
423,Grimshaw,CA,2022-07-28 19:02:46,56.1834,-117.6027,84.33,45,0,8.63
424,Mocuba,MZ,2022-07-28 19:02:47,-16.8392,36.9856,62.04,87,9,3.94
425,Arman,RU,2022-07-28 19:02:47,59.7,150.1667,53.46,94,100,4.85
426,Havoysund,NO,2022-07-28 19:02:47,70.9963,24.6622,48.43,83,24,13.13
427,Awka,NG,2022-07-28 19:02:47,6.2101,7.0741,71.29,98,100,5.3
428,Bangolo,CI,2022-07-28 19:02:48,7.0069,-7.475,71.69,91,21,1.68
429,Tiznit,MA,2022-07-28 19:02:48,29.5833,-9.5,75.72,54,0,5.26
430,Srednekolymsk,RU,2022-07-28 19:02:42,67.45,153.6833,47.25,66,6,9.1
431,Kampong Thum,KH,2022-07-28 19:02:48,12.7111,104.8887,77.02,91,17,2.66
432,Zhigalovo,RU,2022-07-28 19:02:48,54.8097,105.1578,54.23,98,100,3.6
433,Derzhavinsk,KZ,2022-07-28 19:02:49,51.1,66.3167,58.64,87,54,12.77
434,Weyburn,CA,2022-07-28 19:01:02,49.6668,-103.8511,71.29,37,0,5.68
435,Beroroha,MG,2022-07-28 19:02:49,-21.6667,45.1667,67.93,57,0,2.75
436,Riyadh,SA,2022-07-28 18:59:30,24.6877,46.7219,96.94,36,100,9.31
437,Bilibino,RU,2022-07-28 19:00:02,68.0546,166.4372,48.45,61,12,4.34
438,Sangar,RU,2022-07-28 19:02:49,63.9242,127.4739,64.78,72,6,1.59
439,Manzhouli,CN,2022-07-28 19:02:50,49.6,117.4333,58.33,61,5,3.11
440,Longyearbyen,SJ,2022-07-28 19:01:16,78.2186,15.6401,42.64,87,75,18.41
441,Talnakh,RU,2022-07-28 18:59:31,69.4865,88.3972,52.21,74,0,8.23
442,Cantagallo,CO,2022-07-28 19:00:23,7.376,-73.9196,88.05,56,63,3.76
443,Makasar,ID,2022-07-28 19:02:50,-5.14,119.4221,71.65,94,20,3.44
444,Georgiyevka,KZ,2022-07-28 19:02:50,43.0369,74.7114,78.84,47,40,8.95
445,Fortuna,US,2022-07-28 19:02:51,40.5982,-124.1573,70.93,75,75,9.22
446,Cap Malheureux,MU,2022-07-28 19:01:00,-19.9842,57.6142,69.48,74,3,3.0
447,Cloquet,US,2022-07-28 19:02:51,46.7216,-92.4594,69.6,63,100,10.36
448,Anzio,IT,2022-07-28 19:02:51,41.4853,12.6179,81.73,75,0,5.64
449,Coihaique,CL,2022-07-28 19:02:52,-45.5752,-72.0662,38.66,98,88,11.16
450,Oudtshoorn,ZA,2022-07-28 19:02:52,-33.5907,22.2014,59.9,40,0,4.25
451,Weston,US,2022-07-28 19:02:52,26.1004,-80.3998,93.99,60,20,12.66
452,Tarauaca,BR,2022-07-28 19:02:52,-8.1614,-70.7656,92.55,38,77,2.51
453,Ust-Karsk,RU,2022-07-28 19:02:53,52.7011,118.8077,54.64,97,1,3.71
454,Cedar City,US,2022-07-28 19:02:11,37.6775,-113.0619,83.37,37,0,9.22
455,Mersing,MY,2022-07-28 19:02:53,2.4312,103.8405,78.12,92,86,5.37
456,Le Port,RE,2022-07-28 19:02:53,-20.9373,55.2919,69.76,79,97,4.74
457,Tingo Maria,PE,2022-07-28 18:59:24,-9.2895,-76.0088,86.31,62,20,4.61
458,Vila Franca Do Campo,PT,2022-07-28 19:02:54,37.7167,-25.4333,75.61,72,10,3.53
459,Vao,NC,2022-07-28 19:03:54,-22.6667,167.4833,68.67,68,100,12.48
460,Isangel,VU,2022-07-28 19:03:54,-19.55,169.2667,73.56,91,100,10.49
461,Ploemeur,FR,2022-07-28 19:03:54,47.7333,-3.4333,71.85,54,0,11.5
462,Bad Sackingen,DE,2022-07-28 19:03:55,47.5537,7.9461,73.08,89,100,3.87
463,Jalu,LY,2022-07-28 18:59:40,29.0331,21.5482,93.02,20,0,10.67
464,Cairns,AU,2022-07-28 19:03:55,-16.9167,145.7667,66.15,63,75,10.36
465,Maceio,BR,2022-07-28 18:59:40,-9.6658,-35.7353,78.24,83,75,12.66
466,Cleveland,US,2022-07-28 19:02:38,41.4995,-81.6954,86.18,56,40,14.97
467,Shar,KZ,2022-07-28 19:03:55,49.5886,81.0453,73.6,47,43,1.61
468,Muros,ES,2022-07-28 19:03:56,42.7762,-9.0603,74.68,69,0,10.33
469,Burgersdorp,ZA,2022-07-28 19:03:56,-30.9977,26.3286,52.03,76,64,11.99
470,Saryagash,KZ,2022-07-28 19:03:56,41.4511,69.1701,85.96,26,35,8.77
471,Kutum,SD,2022-07-28 18:59:38,14.2,24.6667,77.81,50,100,7.87
472,Codrington,AU,2022-07-28 19:00:52,-38.2667,141.9667,45.39,76,6,5.99
473,Lata,PT,2022-07-28 19:03:56,40.1629,-8.3327,70.81,64,0,8.81
474,Plettenberg Bay,ZA,2022-07-28 19:03:57,-34.0527,23.3716,62.65,49,0,5.99
475,Havelock,US,2022-07-28 19:03:57,34.8791,-76.9013,96.06,79,100,10.0
476,Ejea De Los Caballeros,ES,2022-07-28 19:03:57,42.1263,-1.1372,86.22,31,60,6.58
477,Grand Forks,US,2022-07-28 19:03:58,47.9417,-97.4337,69.73,60,100,11.5
478,Port Blair,IN,2022-07-28 18:59:46,11.6667,92.75,82.44,83,40,4.61
479,Balkanabat,TM,2022-07-28 19:03:58,39.5108,54.3671,87.57,49,15,7.34
480,Coihueco,CL,2022-07-28 19:03:58,-36.6167,-71.8333,57.94,51,0,16.11
481,Kidal,ML,2022-07-28 19:03:58,18.4411,1.4078,87.24,43,90,8.43
482,El Carrizo,MX,2022-07-28 19:03:59,24.0261,-106.8814,89.83,57,41,7.74
483,Warri,NG,2022-07-28 19:03:59,5.5167,5.75,73.26,96,100,4.52
484,Dunhua,CN,2022-07-28 19:03:59,43.3725,128.2425,63.9,97,41,6.24
485,Saint-Francois,FR,2022-07-28 19:01:45,46.4154,3.9054,78.24,38,0,8.05
486,Vanimo,PG,2022-07-28 19:04:00,-2.6741,141.3028,76.42,91,39,5.37
487,Solnechnyy,RU,2022-07-28 19:04:00,50.7214,136.6319,65.14,95,100,1.81
488,Karaton,ID,2022-07-28 19:04:00,-6.3424,106.1045,75.78,90,100,1.28
489,Norden,DE,2022-07-28 19:04:00,53.6,7.2,62.58,66,100,11.7
490,Port Lincoln,AU,2022-07-28 19:00:52,-34.7333,135.8667,52.75,84,100,13.18
491,Iquitos,PE,2022-07-28 19:04:01,-3.7481,-73.2472,86.04,66,75,1.14
492,Flin Flon,CA,2022-07-28 19:04:01,54.7682,-101.865,77.92,28,52,4.32
493,Lodwar,KE,2022-07-28 19:02:24,3.1191,35.5973,85.06,38,21,8.43
494,Paamiut,GL,2022-07-28 19:03:16,61.994,-49.6678,41.95,92,100,18.75
495,Maloye Verevo,RU,2022-07-28 19:04:01,59.6136,30.1728,62.17,81,89,4.23
496,Shingu,JP,2022-07-28 19:04:02,33.7333,135.9833,76.51,92,55,4.38
497,Alofi,NU,2022-07-28 18:59:43,-19.0595,-169.9187,75.09,83,20,11.5
498,Shieli,KZ,2022-07-28 19:04:02,44.1667,66.75,80.67,35,0,8.3
499,Guerrero Negro,MX,2022-07-28 18:59:22,27.9769,-114.0611,78.64,55,18,12.28
500,Kamina,CD,2022-07-28 19:04:02,-8.7386,24.9906,65.88,30,37,3.02
501,Kuala Terengganu,MY,2022-07-28 19:04:03,5.3302,103.1408,78.94,89,20,7.2
502,Meulaboh,ID,2022-07-28 19:04:03,4.1363,96.1285,75.96,89,100,2.35
503,Olafsvik,IS,2022-07-28 19:05:03,64.8945,-23.7142,46.51,87,100,16.17
504,Irbit,RU,2022-07-28 19:05:04,57.6705,63.071,56.16,83,80,6.26
505,Yarmouth,US,2022-07-28 19:02:38,41.7057,-70.2286,84.96,75,40,12.66
506,Raudeberg,NO,2022-07-28 19:05:04,61.9875,5.1352,59.67,77,16,16.46
507,Tomatlan,MX,2022-07-28 19:05:04,19.9333,-105.25,91.62,48,70,8.77
508,Thinadhoo,MV,2022-07-28 19:05:04,0.5333,72.9333,82.99,71,78,12.44
509,Jurm,AF,2022-07-28 19:05:05,36.8648,70.8342,72.88,48,0,2.19
510,Valverde Del Camino,ES,2022-07-28 19:05:05,37.5751,-6.7543,77.04,36,0,5.1
511,Toyooka,JP,2022-07-28 19:05:05,35.5333,134.8333,74.88,94,8,5.26
512,Tandalti,SD,2022-07-28 19:05:06,13.0167,31.8667,84.06,57,99,13.73
513,Staraya Poltavka,RU,2022-07-28 19:05:06,50.4772,46.4814,75.76,59,43,6.71
514,Nabire,ID,2022-07-28 19:05:06,-3.3667,135.4833,75.24,91,48,3.33
515,Katsuura,JP,2022-07-28 19:05:06,35.1333,140.3,79.3,91,53,9.28
516,Sandwick,GB,2022-07-28 19:05:07,60.0,-1.25,57.02,82,20,8.05
517,Catuday,PH,2022-07-28 19:05:07,16.2923,119.8062,81.01,78,97,0.89
518,Rajula,IN,2022-07-28 19:05:07,21.05,71.4333,80.55,84,99,10.11
519,Mayo,US,2022-07-28 19:05:08,38.8876,-76.5119,93.34,76,75,10.36
520,Goksun,TR,2022-07-28 19:05:08,38.021,36.4973,69.8,42,0,4.03
521,Shaoxing,CN,2022-07-28 19:03:34,30.011,120.5715,85.95,88,0,1.45
522,Russell,US,2022-07-28 19:04:14,32.3502,-85.1999,92.37,55,0,3.44
523,Krosno,PL,2022-07-28 19:05:08,49.6887,21.7706,66.04,71,6,5.23
524,Bow Island,CA,2022-07-28 19:05:09,49.8668,-111.3684,83.62,32,0,9.93
525,Gushikawa,JP,2022-07-28 19:05:09,26.3544,127.8686,82.4,93,0,8.05
526,Vaasa,FI,2022-07-28 19:05:09,63.096,21.6158,59.02,72,0,6.91
527,Ponta Do Sol,PT,2022-07-28 19:05:09,32.6667,-17.1,76.71,79,0,2.8
528,Kabinda,CD,2022-07-28 19:04:22,-6.1333,24.4833,71.92,30,98,2.35
529,Flic En Flac,MU,2022-07-28 19:05:10,-20.2742,57.3631,70.36,78,5,10.36
530,Worthington,US,2022-07-28 19:05:10,40.0931,-83.018,87.03,54,0,11.5
531,Uyovu,TZ,2022-07-28 19:05:10,-3.2833,31.5258,74.35,40,49,3.65
532,Abnub,EG,2022-07-28 19:05:11,27.2696,31.1511,93.45,13,0,8.12
533,Shangrao,CN,2022-07-28 19:05:11,28.4532,117.9686,76.1,85,83,1.3
534,Nadym,RU,2022-07-28 19:01:48,65.5333,72.5167,60.93,69,29,3.13
535,Las Choapas,MX,2022-07-28 19:05:11,17.9333,-94.0833,83.8,73,99,2.98
536,Yenagoa,NG,2022-07-28 19:05:11,4.9247,6.2642,72.86,95,100,3.83
537,Maragogi,BR,2022-07-28 19:02:50,-9.0122,-35.2225,77.22,80,38,6.29
538,Yevsino,RU,2022-07-28 19:05:12,54.4172,83.3222,59.49,80,61,6.6
539,Bucerias,MX,2022-07-28 19:00:30,20.75,-105.3333,88.99,64,73,6.4
540,Orange Cove,US,2022-07-28 19:05:12,36.6244,-119.3137,98.24,21,20,4.61
541,High Level,CA,2022-07-28 19:05:12,58.5169,-117.136,76.03,65,81,7.58
542,Spring Valley,US,2022-07-28 19:05:13,36.108,-115.245,93.15,39,40,8.05
543,Ahipara,NZ,2022-07-28 19:05:13,-35.1667,173.1667,55.8,73,99,9.91
544,Molina,CL,2022-07-28 19:05:13,-35.1167,-71.2833,53.33,62,0,11.5
545,Mishkino,RU,2022-07-28 19:05:13,55.3389,63.9175,58.21,89,100,10.2
546,Ulladulla,AU,2022-07-28 19:05:14,-35.35,150.4667,48.09,82,100,7.38
547,Skogn,NO,2022-07-28 19:05:14,63.7,11.2,56.59,71,92,2.35
548,Mercedes,AR,2022-07-28 19:05:14,-34.6515,-59.4307,61.95,47,5,16.15
549,Quarteira,PT,2022-07-28 19:01:17,37.0695,-8.1006,92.97,42,0,18.41
550,Ixtlan,MX,2022-07-28 19:06:15,20.1833,-102.4,83.01,46,70,2.28
551,Pringsewu,ID,2022-07-28 19:06:15,-5.3582,104.9744,75.63,92,100,0.09
